producto_id,clase,revenue_opt,margin_opt,n_days,margin_contribution_pct
0309020005,03CARN     ,1306549.0,735289.26,736,56.28
0309020020,03CARN     ,622485.75,290935.66,736,46.74
0308010001,03CARN     ,742702.12,265075.01,736,35.69
0308050006,03CARN     ,547900.48,226751.53,736,41.39
0308020003,03CARN     ,520499.13,203125.43,736,39.03
0802050003,08FRUV     ,472600.81,201947.32,736,42.73
0509060001,05CHAR     ,541228.66,191896.14,736,35.46
0301020003,03CARN     ,268549.63,163620.03,734,60.93
0309020017,03CARN     ,242026.57,148025.94,736,61.16
0301040001,03CARN     ,298183.58,134772.58,734,45.2
0308050008,03CARN     ,262162.74,117950.94,736,44.99
0509060004,05CHAR     ,300183.43,108851.91,732,36.26
0802020012,08FRUV     ,307528.92,103742.49,736,33.73
0806010011,08FRUV     ,322394.08,103654.03,736,32.15
0309020011,03CARN     ,179100.7,103256.83,731,57.65
0509130025,05CHAR     ,211042.7,85893.3,730,40.7
0308020001,03CARN     ,178120.56,76818.29,726,43.13
0309020004,03CARN     ,144783.08,69697.08,734,48.14
0806010006,08FRUV     ,175941.75,68918.91,736,39.17
0509100021,05CHAR     ,181359.05,67982.35,735,37.48
0509060008,05CHAR     ,224764.13,65653.23,735,29.21
0803010032,08FRUV     ,178207.54,60904.42,736,34.18
0309020002,03CARN     ,98165.24,53014.23,559,54.01
0504030034,05CHAR     ,142404.53,47957.95,726,33.68
0309020003,03CARN     ,96951.33,46692.27,725,48.16
0802020008,08FRUV     ,120787.91,46401.12,736,38.42
0802050001,08FRUV     ,153919.99,45616.75,736,29.64
0308030001,03CARN     ,100105.06,44103.96,720,44.06
0301020004,03CARN     ,65036.59,43559.81,538,66.98
0309030003,03CARN     ,53252.38,42589.43,502,79.98
0802010012,08FRUV     ,121288.85,41553.8,736,34.26
0802010024,08FRUV     ,94112.54,41424.97,736,44.02
0509150023,05CHAR     ,100786.92,40029.7,722,39.72
0309020007,03CARN     ,198663.04,35593.04,732,17.92
0309020010,03CARN     ,50755.79,35109.05,491,69.17
0504040033,05CHAR     ,105720.69,34064.05,736,32.22
0301020010,03CARN     ,51608.02,33843.93,311,65.58
0509070007,05CHAR     ,89238.97,33780.91,624,37.85
0308020004,03CARN     ,107609.02,31433.9,704,29.21
0805010061,08FRUV     ,77903.7,31089.71,709,39.91
0509130028,05CHAR     ,69896.45,28067.02,719,40.16
0509110001,05CHAR     ,52302.25,28002.22,734,53.54
0806010013,08FRUV     ,61976.01,26307.46,736,42.45
0509100025,05CHAR     ,67274.4,25777.82,731,38.32
0301040003,03CARN     ,59601.44,24427.72,699,40.99
0308030003,03CARN     ,56005.32,23563.16,708,42.07
0506010001,05CHAR     ,40651.7,23358.89,538,57.46
0309020015,03CARN     ,32799.15,21996.91,435,67.07
0802040020,08FRUV     ,41269.15,21391.62,731,51.83
0802040006,08FRUV     ,37865.5,21331.64,731,56.34
0502080091,05CHAR     ,67087.43,20394.51,733,30.4
0301040002,03CARN     ,47436.78,20026.62,560,42.22
0504030005,05CHAR     ,59256.87,19707.69,735,33.26
0501040013,05CHAR     ,60283.02,19222.77,615,31.89
0509150008,05CHAR     ,49186.48,19105.56,724,38.84
0802040023,08FRUV     ,38248.36,18331.0,713,47.93
0803010012,08FRUV     ,38940.85,18306.1,736,47.01
0504040022,05CHAR     ,51590.29,18166.74,735,35.21
0309040003,03CARN     ,40158.04,18036.03,327,44.91
0504040030,05CHAR     ,49747.73,17984.21,719,36.15
0301020002,03CARN     ,32839.57,17870.79,210,54.42
0504040012,05CHAR     ,49573.81,17248.93,735,34.79
0509130023,05CHAR     ,45215.15,17007.18,732,37.61
0309040007,03CARN     ,21593.88,16788.1,181,77.74
0301020005,03CARN     ,29369.11,16141.54,393,54.96
0309020008,03CARN     ,56460.21,15796.91,725,27.98
0309040010,03CARN     ,26083.99,15764.69,562,60.44
0803010051,08FRUV     ,44765.33,15753.95,736,35.19
0308040003,03CARN     ,56142.65,15615.64,733,27.81
0504030042,05CHAR     ,51388.92,15579.85,736,30.32
0802030005,08FRUV     ,44774.76,15488.35,736,34.59
0509090014,05CHAR     ,49033.26,15308.16,514,31.22
0802030006,08FRUV     ,43119.74,15039.1,736,34.88
0802030009,08FRUV     ,36135.65,14658.86,684,40.57
0802030007,08FRUV     ,40464.97,14396.8,735,35.58
0802020001,08FRUV     ,32320.87,14326.39,736,44.33
0309020019,03CARN     ,22276.63,14065.71,288,63.14
0308030002,03CARN     ,40557.59,13965.49,642,34.43
0501040006,05CHAR     ,35810.35,13736.87,701,38.36
0803010027,08FRUV     ,25473.55,13603.58,736,53.4
0309020009,03CARN     ,34202.76,13369.9,680,39.09
0802010025,08FRUV     ,37308.12,13358.25,735,35.81
0308050013,03CARN     ,47307.17,13199.5,726,27.9
0802030010,08FRUV     ,31190.62,13039.31,619,41.81
0504040026,05CHAR     ,38154.78,12905.99,698,33.83
0805010006,08FRUV     ,33175.45,12788.28,606,38.55
0805010116,08FRUV     ,27114.75,12571.15,736,46.36
0308010003,03CARN     ,31797.97,12375.97,607,38.92
0806010001,08FRUV     ,31456.02,12157.9,736,38.65
0503020038,05CHAR     ,32944.77,12154.22,707,36.89
0503020051,05CHAR     ,28764.57,12136.05,336,42.19
0806010010,08FRUV     ,34564.26,12074.25,736,34.93
0309030006,03CARN     ,29874.09,11972.14,664,40.08
0803010009,08FRUV     ,26388.86,11856.89,736,44.93
0509100036,05CHAR     ,46560.37,11722.96,450,25.18
0802010022,08FRUV     ,29165.38,11218.17,736,38.46
0504030022,05CHAR     ,32375.17,11189.07,734,34.56
0802020005,08FRUV     ,31142.37,11037.35,736,35.44
0301050001,03CARN     ,32331.83,10854.02,646,33.57
0502040028,05CHAR     ,30890.41,10842.48,656,35.1
0503020046,05CHAR     ,22312.99,10581.8,608,47.42
0509160028,05CHAR     ,27157.88,10397.64,548,38.29
0509130036,05CHAR     ,37023.61,10390.72,509,28.07
0309020013,03CARN     ,18669.74,10067.22,471,53.92
0805020011,08FRUV     ,21116.29,9769.83,733,46.27
0802010010,08FRUV     ,31700.95,9709.72,736,30.63
0802020007,08FRUV     ,27355.32,9476.37,736,34.64
0509070003,05CHAR     ,24393.63,9422.06,640,38.63
0803010022,08FRUV     ,12729.75,8619.89,641,67.71
0302010044,03CARN     ,24676.9,8457.33,668,34.27
0802010020,08FRUV     ,50511.53,8395.28,736,16.62
0803010007,08FRUV     ,17060.76,8223.84,532,48.2
0802050002,08FRUV     ,22612.26,8070.42,676,35.69
0308040005,03CARN     ,27612.7,7783.76,343,28.19
0805020001,08FRUV     ,14130.5,7760.21,736,54.92
0509160008,05CHAR     ,15750.17,7578.98,642,48.12
0801010003,08FRUV     ,10292.0,7564.38,684,73.5
0509160007,05CHAR     ,15773.81,7492.61,653,47.5
0301070005,03CARN     ,13504.68,7478.1,249,55.37
0504030027,05CHAR     ,21215.96,7431.83,709,35.03
0502040033,05CHAR     ,20984.37,7385.35,703,35.19
0802040010,08FRUV     ,12044.82,7313.23,682,60.72
0308040007,03CARN     ,31661.11,7300.37,458,23.06
0301040005,03CARN     ,23369.34,7175.05,728,30.7
0509150029,05CHAR     ,28994.83,7064.89,618,24.37
0803010028,08FRUV     ,26896.24,6930.19,736,25.77
0509160003,05CHAR     ,14246.32,6899.72,656,48.43
0502040026,05CHAR     ,20113.77,6872.83,706,34.17
0308050017,03CARN     ,13216.59,6868.53,595,51.97
0309030001,03CARN     ,15616.92,6768.23,578,43.34
0801010007,08FRUV     ,7651.5,6646.01,478,86.86
0504050003,05CHAR     ,18653.75,6609.19,733,35.43
0502040051,05CHAR     ,19282.57,6598.56,601,34.22
0309020018,03CARN     ,10271.56,6562.67,218,63.89
0801010015,08FRUV     ,13317.52,6533.94,526,49.06
0806010009,08FRUV     ,20718.35,6482.69,736,31.29
0802010006,08FRUV     ,22599.42,6463.05,733,28.6
0309030004,03CARN     ,8627.21,6365.23,355,73.78
0507020016,05CHAR     ,15352.03,6259.89,525,40.78
0502080046,05CHAR     ,17659.04,6252.96,736,35.41
0509100019,05CHAR     ,14436.79,6200.4,663,42.95
0509140014,05CHAR     ,13896.5,6195.96,590,44.59
0302010045,03CARN     ,18427.1,6188.82,671,33.59
0805020018,08FRUV     ,18450.31,6185.96,691,33.53
0802040004,08FRUV     ,12862.78,6142.96,578,47.76
0309040011,03CARN     ,7797.05,6133.92,262,78.67
0509060007,05CHAR     ,15172.02,6075.52,686,40.04
0301030002,03CARN     ,20677.08,6069.26,672,29.35
0504040015,05CHAR     ,17628.42,6028.62,703,34.2
0309030007,03CARN     ,8114.82,5866.13,370,72.29
0509180019,05CHAR     ,13523.27,5864.28,687,43.36
0802040026,08FRUV     ,9879.87,5767.6,421,58.38
0803010010,08FRUV     ,15515.46,5724.75,736,36.9
0509130013,05CHAR     ,15423.77,5683.6,717,36.85
0509090003,05CHAR     ,14543.6,5678.93,537,39.05
0805020006,08FRUV     ,15540.0,5658.79,393,36.41
0309030002,03CARN     ,8846.44,5635.53,313,63.7
0504020027,05CHAR     ,15456.54,5623.34,709,36.38
0806010005,08FRUV     ,28538.55,5521.72,731,19.35
0509100020,05CHAR     ,13634.4,5478.13,347,40.18
0309030005,03CARN     ,15519.59,5409.81,672,34.86
0806010007,08FRUV     ,18506.71,5395.09,736,29.15
0805020008,08FRUV     ,9545.95,5381.85,712,56.38
0504040014,05CHAR     ,14973.29,5332.16,727,35.61
0301010003,03CARN     ,13879.68,5306.4,244,38.23
0501040017,05CHAR     ,13507.5,5143.34,281,38.08
0504020022,05CHAR     ,16033.88,5053.33,530,31.52
0802040029,08FRUV     ,9512.29,5025.65,544,52.83
0308050004,03CARN     ,7927.41,4965.51,478,62.64
0507020023,05CHAR     ,12440.73,4935.37,504,39.67
0805020026,08FRUV     ,10696.21,4909.0,618,45.89
0509110003,05CHAR     ,9673.36,4898.41,450,50.64
0504040011,05CHAR     ,15824.15,4897.23,720,30.95
0801010004,08FRUV     ,7115.65,4891.45,650,68.74
0502090003,05CHAR     ,13062.87,4883.83,683,37.39
0509150015,05CHAR     ,13224.16,4865.99,702,36.8
0503020052,05CHAR     ,17008.75,4859.54,109,28.57
0805020022,08FRUV     ,8248.23,4835.93,661,58.63
0802040002,08FRUV     ,8771.99,4785.81,514,54.56
0802040007,08FRUV     ,6752.31,4759.55,510,70.49
0802040022,08FRUV     ,8861.13,4678.93,550,52.8
0302010028,03CARN     ,11961.96,4636.92,627,38.76
0805010066,08FRUV     ,20464.34,4598.6,219,22.47
0509160006,05CHAR     ,10784.79,4587.89,559,42.54
0803010020,08FRUV     ,7494.6,4587.08,638,61.21
0503020041,05CHAR     ,12485.84,4557.69,435,36.5
0507020008,05CHAR     ,11542.99,4491.74,539,38.91
0801010036,08FRUV     ,5944.46,4487.8,638,75.5
0309040004,03CARN     ,6805.87,4437.41,409,65.2
0504030035,05CHAR     ,14964.93,4437.13,458,29.65
0509100030,05CHAR     ,8550.01,4430.42,402,51.82
0502070001,05CHAR     ,11080.46,4426.16,607,39.95
0509030069,05CHAR     ,10981.94,4385.65,614,39.94
0805010088,08FRUV     ,13942.43,4327.28,678,31.04
0805020016,08FRUV     ,9481.38,4302.63,616,45.38
0509070006,05CHAR     ,9485.05,4300.19,568,45.34
0802010009,08FRUV     ,10206.55,4298.26,669,42.11
0805010132,08FRUV     ,9692.75,4276.24,619,44.12
0801010030,08FRUV     ,7777.27,4140.67,505,53.24
0305010001,03CARN     ,13092.5,4087.59,501,31.22
0509120011,05CHAR     ,11803.98,3991.23,248,33.81
0502040048,05CHAR     ,14022.1,3977.44,618,28.37
0802040024,08FRUV     ,7574.67,3977.0,461,52.5
0802030003,08FRUV     ,10915.65,3909.11,629,35.81
0802030008,08FRUV     ,11490.23,3894.67,721,33.9
0801010027,08FRUV     ,8078.32,3894.62,599,48.21
0801010008,08FRUV     ,7024.88,3872.48,526,55.13
0502040005,05CHAR     ,10682.63,3850.42,618,36.04
0509150009,05CHAR     ,10707.11,3837.8,613,35.84
0805010256,08FRUV     ,7958.89,3813.28,185,47.91
0801010009,08FRUV     ,7234.93,3788.42,495,52.36
0308050005,03CARN     ,5690.83,3783.96,352,66.49
0801010034,08FRUV     ,6462.4,3777.01,627,58.45
0805010087,08FRUV     ,8449.02,3743.8,630,44.31
0801010040,08FRUV     ,6211.8,3740.22,281,60.21
0802010005,08FRUV     ,7384.64,3723.73,695,50.43
0802020004,08FRUV     ,12488.1,3722.45,736,29.81
0509130007,05CHAR     ,10062.71,3720.89,622,36.98
0805010095,08FRUV     ,7787.73,3670.8,398,47.14
0805010086,08FRUV     ,8312.03,3641.41,690,43.81
0801010018,08FRUV     ,6014.45,3632.01,650,60.39
0802040021,08FRUV     ,6954.93,3613.85,552,51.96
0805010123,08FRUV     ,9376.78,3608.67,635,38.49
0806010008,08FRUV     ,14005.71,3550.11,736,25.35
0801010002,08FRUV     ,6069.54,3545.11,696,58.41
0801010016,08FRUV     ,5227.66,3535.96,689,67.64
0803010002,08FRUV     ,12863.75,3511.66,736,27.3
0502060007,05CHAR     ,9353.74,3502.95,713,37.45
0504030021,05CHAR     ,9777.0,3496.67,693,35.76
0801010001,08FRUV     ,6163.45,3480.01,687,56.46
0805010180,08FRUV     ,8359.21,3451.63,650,41.29
0502080057,05CHAR     ,9772.34,3414.13,568,34.94
0509060012,05CHAR     ,10827.75,3413.44,546,31.52
0302010020,03CARN     ,8160.33,3409.98,637,41.79
0502030006,05CHAR     ,7188.81,3379.09,448,47.0
0805010055,08FRUV     ,7797.26,3373.43,534,43.26
0502040046,05CHAR     ,10169.18,3369.79,511,33.14
0502040047,05CHAR     ,14186.21,3292.36,648,23.21
0801010035,08FRUV     ,3996.87,3282.37,438,82.12
0509150012,05CHAR     ,8774.41,3222.59,534,36.73
0802010027,08FRUV     ,32034.19,3221.42,736,10.06
0310010007,03CARN     ,7759.96,3200.28,536,41.24
0801010025,08FRUV     ,8481.37,3159.26,734,37.25
0509110005,05CHAR     ,8259.0,3100.71,326,37.54
0502080097,05CHAR     ,8486.39,3037.95,536,35.8
0802010026,08FRUV     ,88412.66,3014.93,736,3.41
0802010015,08FRUV     ,50389.7,3008.02,732,5.97
0502040045,05CHAR     ,9273.47,3001.63,612,32.37
0502040025,05CHAR     ,8598.66,2984.57,622,34.71
0802020009,08FRUV     ,7410.0,2964.68,607,40.01
0803010016,08FRUV     ,5477.35,2960.67,703,54.05
0801010037,08FRUV     ,5258.94,2947.32,651,56.04
0802030011,08FRUV     ,7860.99,2927.22,546,37.24
0801010012,08FRUV     ,4758.52,2889.85,488,60.73
0509030070,05CHAR     ,7825.26,2876.16,674,36.75
0801010022,08FRUV     ,6297.54,2864.09,533,45.48
0505030014,05CHAR     ,7745.74,2855.78,508,36.87
0502030005,05CHAR     ,5275.72,2839.36,296,53.82
0502080058,05CHAR     ,9242.42,2835.19,425,30.68
0509110006,05CHAR     ,6892.57,2781.31,374,40.35
0805010198,08FRUV     ,7252.78,2780.18,484,38.33
0802040017,08FRUV     ,4582.55,2775.63,640,60.57
0509120007,05CHAR     ,5719.9,2772.31,252,48.47
0802040019,08FRUV     ,4283.44,2724.77,621,63.61
0802040042,08FRUV     ,4820.97,2708.64,300,56.18
0505030036,05CHAR     ,8432.93,2693.66,465,31.94
0801010019,08FRUV     ,4465.2,2686.76,676,60.17
0502030004,05CHAR     ,5142.51,2671.68,287,51.95
0805020032,08FRUV     ,4803.19,2662.45,444,55.43
0504030043,05CHAR     ,7495.32,2630.6,631,35.1
0501040015,05CHAR     ,6729.42,2596.65,468,38.59
0802040043,08FRUV     ,4710.8,2591.13,341,55.0
0802040031,08FRUV     ,5857.55,2569.38,552,43.86
0802040025,08FRUV     ,4021.0,2557.66,476,63.61
0801010020,08FRUV     ,4296.05,2527.8,586,58.84
0509130009,05CHAR     ,6398.24,2525.25,483,39.47
0805010106,08FRUV     ,6386.41,2514.22,618,39.37
0802040036,08FRUV     ,4061.32,2504.26,240,61.66
0801010010,08FRUV     ,4185.42,2498.69,606,59.7
0504020026,05CHAR     ,7053.08,2483.34,686,35.21
0301020009,03CARN     ,8973.03,2480.87,450,27.65
0509100013,05CHAR     ,6706.72,2451.16,487,36.55
0802040027,08FRUV     ,4435.45,2420.73,522,54.58
0502060006,05CHAR     ,5449.39,2411.52,589,44.25
0806010004,08FRUV     ,20158.67,2408.91,736,11.95
0802030001,08FRUV     ,5342.92,2407.04,408,45.05
0505030034,05CHAR     ,7809.22,2381.5,461,30.5
0805020042,08FRUV     ,4939.03,2364.61,313,47.88
0505030013,05CHAR     ,5999.98,2361.82,486,39.36
0509030071,05CHAR     ,8889.64,2349.5,458,26.43
0509030067,05CHAR     ,5627.28,2323.49,477,41.29
0301030003,03CARN     ,6578.86,2299.17,387,34.95
0502080096,05CHAR     ,6048.94,2292.17,534,37.89
0805010160,08FRUV     ,5432.57,2228.11,481,41.01
0802040035,08FRUV     ,3651.46,2201.78,193,60.3
0803010011,08FRUV     ,5852.28,2168.46,705,37.05
0502080086,05CHAR     ,5736.01,2159.35,606,37.65
0802030004,08FRUV     ,5417.69,2144.13,589,39.58
0805010273,08FRUV     ,6354.01,2135.44,649,33.61
0802040001,08FRUV     ,4464.6,2134.75,249,47.82
0504030014,05CHAR     ,4984.07,2125.3,580,42.64
0801010006,08FRUV     ,3836.71,2114.24,388,55.11
0805020002,08FRUV     ,3909.49,2103.43,396,53.8
0801010011,08FRUV     ,3484.44,2087.84,670,59.92
0504040037,05CHAR     ,6215.23,2077.31,237,33.42
0801010024,08FRUV     ,3365.58,2052.42,343,60.98
0805010270,08FRUV     ,6754.25,2048.23,629,30.33
0507020022,05CHAR     ,4904.54,2048.03,422,41.76
0801010005,08FRUV     ,3422.12,2008.92,664,58.7
0802010039,08FRUV     ,5161.52,2000.06,454,38.75
0805020007,08FRUV     ,7927.27,1988.92,718,25.09
0501030001,05CHAR     ,5211.93,1985.29,538,38.09
0509130029,05CHAR     ,6364.99,1971.65,142,30.98
0802030013,08FRUV     ,5034.5,1970.57,329,39.14
0501020003,05CHAR     ,4416.66,1968.06,509,44.56
0504050008,05CHAR     ,3987.71,1960.81,576,49.17
0803010013,08FRUV     ,5873.96,1959.3,518,33.36
0502040057,05CHAR     ,5768.91,1940.7,645,33.64
0504030048,05CHAR     ,5929.2,1909.5,241,32.21
0502010335,05CHAR     ,7318.17,1901.0,687,25.98
0505030038,05CHAR     ,5118.7,1891.37,393,36.95
0505010030,05CHAR     ,5464.84,1883.69,579,34.47
0502010336,05CHAR     ,5471.07,1881.49,522,34.39
0802040013,08FRUV     ,2519.1,1877.05,414,74.51
0805010009,08FRUV     ,5613.47,1851.6,344,32.98
0805010279,08FRUV     ,5327.74,1820.87,546,34.18
0503040003,05CHAR     ,4447.2,1819.29,462,40.91
0509100035,05CHAR     ,5557.51,1818.53,140,32.72
0502040049,05CHAR     ,5013.94,1817.18,574,36.24
0507020019,05CHAR     ,4859.38,1783.23,377,36.7
0802040012,08FRUV     ,2871.05,1779.78,487,61.99
0507020013,05CHAR     ,4001.1,1769.08,252,44.21
0504040018,05CHAR     ,3365.14,1761.96,365,52.36
0802010003,08FRUV     ,3920.89,1736.08,639,44.28
0503040001,05CHAR     ,3595.5,1704.76,333,47.41
0502040013,05CHAR     ,5072.2,1695.63,228,33.43
0503020002,05CHAR     ,4183.9,1685.23,552,40.28
0802040030,08FRUV     ,2735.27,1657.29,371,60.59
0504040035,05CHAR     ,5726.82,1657.19,177,28.94
0805010280,08FRUV     ,4477.94,1649.97,582,36.85
0509160026,05CHAR     ,4456.91,1637.13,482,36.73
0805010120,08FRUV     ,4392.84,1627.27,613,37.04
0805020041,08FRUV     ,3342.86,1622.92,316,48.55
0802010002,08FRUV     ,131911.69,1619.3,736,1.23
0805010079,08FRUV     ,3875.14,1577.16,451,40.7
0504020025,05CHAR     ,3292.33,1560.52,523,47.4
0502080098,05CHAR     ,4281.43,1546.21,414,36.11
0504040031,05CHAR     ,3540.26,1541.37,419,43.54
0805010017,08FRUV     ,3806.21,1540.99,326,40.49
0802010019,08FRUV     ,21566.14,1522.95,731,7.06
0805020040,08FRUV     ,3328.92,1522.69,312,45.74
0501030002,05CHAR     ,3907.97,1517.78,446,38.84
0502080085,05CHAR     ,4911.48,1509.76,400,30.74
0306010006,03CARN     ,3912.95,1497.12,445,38.26
0805010291,08FRUV     ,4325.8,1496.21,491,34.59
0506020001,05CHAR     ,19372.22,1486.93,515,7.68
0805010010,08FRUV     ,4740.98,1486.78,463,31.36
0803010029,08FRUV     ,3523.12,1475.18,705,41.87
0801010031,08FRUV     ,2551.21,1471.69,541,57.69
0308050018,03CARN     ,2593.28,1455.08,59,56.11
0503030001,05CHAR     ,3688.83,1453.48,158,39.4
0301020006,03CARN     ,2378.43,1438.79,20,60.49
0806010012,08FRUV     ,4032.56,1431.09,579,35.49
0502010010,05CHAR     ,3361.96,1430.33,553,42.54
0308050010,03CARN     ,2528.91,1422.5,347,56.25
0802040016,08FRUV     ,2906.77,1412.7,348,48.6
0504030041,05CHAR     ,3529.17,1396.16,343,39.56
0507020017,05CHAR     ,3240.6,1390.18,244,42.9
0306010009,03CARN     ,3746.66,1389.73,425,37.09
0801010032,08FRUV     ,2415.12,1385.48,476,57.37
0306010007,03CARN     ,3576.11,1380.62,433,38.61
0801010021,08FRUV     ,2489.05,1351.81,531,54.31
0803010024,08FRUV     ,2879.27,1351.37,673,46.93
0502040056,05CHAR     ,4530.44,1349.37,248,29.78
0507010002,05CHAR     ,4609.98,1339.99,293,29.07
0805020017,08FRUV     ,2813.46,1339.71,466,47.62
0801010017,08FRUV     ,2269.34,1334.84,208,58.82
0805010007,08FRUV     ,2710.88,1319.78,233,48.68
0805010015,08FRUV     ,4038.67,1311.25,396,32.47
0502080082,05CHAR     ,3368.12,1302.23,460,38.66
0805010062,08FRUV     ,3249.08,1299.53,479,40.0
0509040017,05CHAR     ,3794.97,1291.87,310,34.04
0503020003,05CHAR     ,3768.59,1282.14,411,34.02
0310010006,03CARN     ,3664.63,1275.2,407,34.8
0802040038,08FRUV     ,2754.9,1241.34,396,45.06
0805010026,08FRUV     ,3420.04,1233.97,500,36.08
0805010290,08FRUV     ,2785.55,1220.87,445,43.83
0507020006,05CHAR     ,3555.71,1205.21,213,33.9
0802040028,08FRUV     ,2331.48,1198.18,275,51.39
0309040006,03CARN     ,1711.82,1197.16,212,69.93
0505030018,05CHAR     ,2782.24,1181.87,291,42.48
0805020034,08FRUV     ,3409.61,1174.84,251,34.46
0805010169,08FRUV     ,2868.32,1168.95,341,40.75
0502080105,05CHAR     ,4193.44,1164.6,337,27.77
0801010023,08FRUV     ,2088.55,1146.87,259,54.91
0401070006,05CHAR     ,3298.1,1141.3,437,34.6
0805010281,08FRUV     ,3090.08,1137.92,544,36.82
0805010025,08FRUV     ,3458.41,1137.04,474,32.88
0803010031,08FRUV     ,2875.92,1136.14,569,39.51
0805010275,08FRUV     ,3069.33,1130.79,511,36.84
0503020049,05CHAR     ,4073.27,1112.73,123,27.32
0802040014,08FRUV     ,1751.61,1109.7,314,63.35
0805010272,08FRUV     ,3319.6,1104.88,467,33.28
0502080081,05CHAR     ,2905.01,1096.31,407,37.74
0805010022,08FRUV     ,3543.9,1063.25,444,30.0
0505010020,05CHAR     ,2776.23,1055.41,359,38.02
0302010046,03CARN     ,2624.94,1044.17,369,39.78
0805010071,08FRUV     ,3322.94,1029.39,389,30.98
0502080101,05CHAR     ,2601.82,1028.56,265,39.53
0302010043,03CARN     ,2559.62,1010.73,369,39.49
0505010019,05CHAR     ,2769.53,997.03,308,36.0
0805010258,08FRUV     ,3144.21,993.27,293,31.59
0805010276,08FRUV     ,2897.61,984.55,466,33.98
0504030046,05CHAR     ,2263.87,976.11,206,43.12
0801010041,08FRUV     ,2320.02,973.88,464,41.98
0805010104,08FRUV     ,2565.8,972.27,526,37.89
0803010023,08FRUV     ,2402.67,967.93,681,40.29
0805010190,08FRUV     ,2834.43,966.89,524,34.11
0505030037,05CHAR     ,2593.62,961.99,349,37.09
0802010018,08FRUV     ,2515.59,959.77,462,38.15
0509160029,05CHAR     ,2602.81,959.11,218,36.85
0805020027,08FRUV     ,2468.41,958.28,443,38.82
0805010265,08FRUV     ,3112.14,955.12,261,30.69
0301060010,03CARN     ,2330.31,943.68,147,40.5
0502080104,05CHAR     ,3373.04,934.59,324,27.71
0310020017,03CARN     ,2597.75,934.36,365,35.97
0501040014,05CHAR     ,2653.77,932.52,254,35.14
0301060015,03CARN     ,2164.57,929.6,178,42.95
0805010134,08FRUV     ,3094.46,928.0,552,29.99
0802040005,08FRUV     ,1367.99,924.9,272,67.61
0805010109,08FRUV     ,2863.63,917.03,306,32.02
0805010065,08FRUV     ,3408.06,908.15,351,26.65
0306010013,03CARN     ,2475.43,905.9,336,36.6
0805010036,08FRUV     ,2462.84,900.05,289,36.55
0805010253,08FRUV     ,2470.39,892.54,293,36.13
0805010266,08FRUV     ,2843.32,889.76,464,31.29
0506030025,05CHAR     ,2670.81,882.39,490,33.04
0302010042,03CARN     ,2174.32,881.87,329,40.56
0802040041,08FRUV     ,1509.67,874.47,313,57.92
0502040024,05CHAR     ,2208.79,864.07,326,39.12
0306010005,03CARN     ,2048.86,856.58,313,41.81
0805020043,08FRUV     ,1168.36,856.56,300,73.31
0803010003,08FRUV     ,2596.92,855.91,708,32.96
0505010018,05CHAR     ,2377.58,850.02,420,35.75
0310020015,03CARN     ,2628.67,848.39,401,32.27
0310020018,03CARN     ,1897.14,848.26,250,44.71
0502040034,05CHAR     ,2176.77,844.86,348,38.81
0805010125,08FRUV     ,2671.26,839.5,554,31.43
0805010029,08FRUV     ,2672.04,822.1,198,30.77
0301020012,03CARN     ,5867.82,819.06,238,13.96
0806010003,08FRUV     ,2079.65,817.74,549,39.32
0505030043,05CHAR     ,1898.83,807.54,171,42.53
0803010017,08FRUV     ,2032.14,796.45,707,39.19
0803010001,08FRUV     ,1721.22,786.01,509,45.67
0805020020,08FRUV     ,1258.06,777.14,104,61.77
0507010003,05CHAR     ,2580.37,771.29,268,29.89
0805010052,08FRUV     ,2559.69,768.33,347,30.02
0301060003,03CARN     ,1773.42,763.37,119,43.05
0802020002,08FRUV     ,1318.31,760.46,590,57.68
0504030045,05CHAR     ,2712.2,757.82,176,27.94
0805010051,08FRUV     ,2553.85,752.4,338,29.46
0805010238,08FRUV     ,2462.86,752.21,239,30.54
0805010165,08FRUV     ,1787.07,746.37,405,41.77
0805010163,08FRUV     ,1746.36,727.31,400,41.65
0805020003,08FRUV     ,1462.46,724.47,246,49.54
0502080094,03CARN     ,1650.65,718.32,299,43.52
0805010271,08FRUV     ,2329.75,716.01,493,30.73
0504030049,05CHAR     ,2127.97,711.47,226,33.43
0805010249,08FRUV     ,2183.98,711.32,220,32.57
0805010018,08FRUV     ,2372.18,711.09,380,29.98
0805010161,08FRUV     ,1667.98,707.49,371,42.42
0310020016,03CARN     ,2320.93,698.65,369,30.1
0302010038,03CARN     ,1570.81,697.2,222,44.38
0507020020,05CHAR     ,1821.44,690.95,244,37.93
0301060012,03CARN     ,1805.74,690.7,111,38.25
0509130032,05CHAR     ,1887.41,690.21,247,36.57
0506030023,05CHAR     ,1809.26,683.57,391,37.78
0805010274,08FRUV     ,2347.76,678.64,501,28.91
0805010252,08FRUV     ,1849.68,665.85,294,36.0
0802040037,08FRUV     ,1177.18,665.1,254,56.5
0805020014,08FRUV     ,1477.66,658.72,232,44.58
0504040036,05CHAR     ,1863.94,657.12,205,35.25
0505010031,05CHAR     ,1684.9,640.57,342,38.02
0802010042,08FRUV     ,1917.04,639.84,193,33.38
0301020001,03CARN     ,846.89,631.89,11,74.61
0302010030,03CARN     ,1603.94,628.56,222,39.19
0507020027,05CHAR     ,1354.81,616.09,121,45.47
0507020026,05CHAR     ,2390.04,612.1,251,25.61
0509010014,05CHAR     ,1596.39,601.81,225,37.7
0302010032,03CARN     ,1536.02,601.5,200,39.16
0507020002,05CHAR     ,1586.91,597.09,112,37.63
0507020018,05CHAR     ,1279.02,595.58,129,46.57
0504020024,05CHAR     ,1725.71,588.7,140,34.11
0302010029,03CARN     ,1493.65,584.81,210,39.15
0503020045,05CHAR     ,1851.93,577.97,89,31.21
0502080031,05CHAR     ,1656.53,571.15,283,34.48
0802010017,08FRUV     ,32728.03,567.67,341,1.73
0805020010,08FRUV     ,1315.31,564.38,140,42.91
0509010013,05CHAR     ,1641.71,563.94,234,34.35
0802040044,08FRUV     ,1273.76,554.53,71,43.53
0509160009,05CHAR     ,1486.61,546.31,136,36.75
0302010031,03CARN     ,1333.02,540.42,245,40.54
0802040040,08FRUV     ,913.28,540.2,224,59.15
0503020047,05CHAR     ,1337.93,534.9,88,39.98
0503020011,05CHAR     ,1345.64,526.68,80,39.14
0507010007,05CHAR     ,1738.35,523.01,178,30.09
0509160030,05CHAR     ,1390.7,522.47,160,37.57
0805010287,08FRUV     ,1617.81,503.96,373,31.15
0803010015,08FRUV     ,1432.59,503.7,186,35.16
0805010257,08FRUV     ,1694.22,499.67,177,29.49
0805010286,08FRUV     ,1544.15,490.97,312,31.8
0805010162,08FRUV     ,1144.35,489.77,280,42.8
0509030068,05CHAR     ,1315.01,487.77,138,37.09
0506030022,05CHAR     ,1220.11,486.95,300,39.91
0805010288,08FRUV     ,1415.23,486.29,349,34.36
0805010254,08FRUV     ,1507.16,485.08,240,32.19
0502080075,05CHAR     ,1482.21,484.22,155,32.67
0309020022,03CARN     ,693.3,477.86,43,68.93
0301060020,03CARN     ,1037.75,477.71,50,46.03
0502080072,05CHAR     ,1373.43,475.05,138,34.59
0302010050,03CARN     ,1401.11,469.97,95,33.54
0505030045,05CHAR     ,1099.71,464.64,289,42.25
0805020013,08FRUV     ,1587.51,462.93,116,29.16
0309020021,03CARN     ,665.25,462.54,56,69.53
0509040018,05CHAR     ,1374.13,459.22,146,33.42
0504020028,05CHAR     ,1506.97,456.88,149,30.32
0302010051,03CARN     ,1351.64,450.71,112,33.35
0505030005,05CHAR     ,1140.61,447.15,178,39.2
0502080102,05CHAR     ,1237.65,436.89,291,35.3
0505030040,05CHAR     ,1063.39,436.63,160,41.06
0805010049,08FRUV     ,1394.02,432.84,237,31.05
0309020006,03CARN     ,616.92,431.31,54,69.91
0502080087,05CHAR     ,1357.5,429.65,387,31.65
0805010069,08FRUV     ,1064.81,423.61,98,39.78
0803010063,08FRUV     ,1161.18,410.62,77,35.36
0801010042,08FRUV     ,1050.73,409.05,581,38.93
0805010024,08FRUV     ,1202.92,406.81,217,33.82
0805010053,08FRUV     ,1217.75,398.17,200,32.7
0805020033,08FRUV     ,765.94,397.91,184,51.95
0302010041,03CARN     ,994.9,395.38,167,39.74
0805010167,08FRUV     ,836.41,395.28,287,47.26
0805010277,08FRUV     ,1274.8,391.0,426,30.67
0805010128,08FRUV     ,1114.87,388.51,456,34.85
0302010037,03CARN     ,769.24,381.53,118,49.6
0805010284,08FRUV     ,1265.94,377.44,256,29.81
0805010278,08FRUV     ,1078.26,363.01,299,33.67
0505030041,05CHAR     ,866.88,360.04,117,41.53
0301060002,03CARN     ,708.2,359.73,30,50.79
0505030042,05CHAR     ,781.36,356.02,118,45.56
0302010055,03CARN     ,1073.05,347.58,103,32.39
0502080071,05CHAR     ,1000.82,344.06,114,34.38
0302010049,03CARN     ,976.21,340.05,63,34.83
0802040046,08FRUV     ,776.09,330.84,56,42.63
0505010029,05CHAR     ,808.99,329.56,152,40.74
0301060019,03CARN     ,711.85,326.56,31,45.87
0803010062,08FRUV     ,598.34,317.54,75,53.07
0308050021,03CARN     ,527.64,317.3,92,60.14
0805010129,08FRUV     ,674.74,316.96,203,46.98
0502080073,05CHAR     ,885.24,310.89,111,35.12
0310010003,03CARN     ,862.81,309.89,72,35.92
0309040008,03CARN     ,469.53,304.24,30,64.8
0806010002,08FRUV     ,49005.5,304.02,735,0.62
0309040001,03CARN     ,557.44,297.6,104,53.39
0802020003,08FRUV     ,715.9,291.75,400,40.75
0505030044,05CHAR     ,651.79,291.71,195,44.76
0802040047,08FRUV     ,706.88,283.36,51,40.09
0503050027,05CHAR     ,630.43,283.22,50,44.92
0805010127,08FRUV     ,875.49,282.92,200,32.32
0505010015,05CHAR     ,777.31,282.67,144,36.37
0509120012,05CHAR     ,580.42,277.62,80,47.83
0504030047,05CHAR     ,647.57,269.55,52,41.62
0805020023,08FRUV     ,371.15,269.0,163,72.48
0302010053,03CARN     ,826.75,268.15,68,32.43
0502080095,03CARN     ,591.43,267.51,135,45.23
0509110004,05CHAR     ,1022.31,264.2,116,25.84
0802010008,08FRUV     ,730.36,263.33,228,36.05
0509100009,05CHAR     ,601.76,261.24,80,43.41
0805010268,08FRUV     ,850.22,260.71,311,30.66
0803010025,08FRUV     ,641.3,259.85,311,40.52
0509130035,05CHAR     ,639.22,251.36,79,39.32
0805010267,08FRUV     ,823.93,249.83,308,30.32
0506030026,05CHAR     ,539.34,238.79,146,44.27
0805010019,08FRUV     ,960.81,234.52,261,24.41
0805010122,08FRUV     ,643.74,231.52,204,35.96
0504020029,05CHAR     ,740.28,230.65,67,31.16
0503030066,05CHAR     ,561.84,229.6,18,40.87
0504040038,05CHAR     ,702.1,227.15,53,32.35
0805010269,08FRUV     ,702.1,222.63,272,31.71
0805010166,08FRUV     ,497.24,221.04,204,44.45
0805010168,08FRUV     ,487.27,219.91,211,45.13
0507010006,05CHAR     ,697.34,218.12,85,31.28
0302010026,03CARN     ,576.16,215.3,103,37.37
0805010248,08FRUV     ,636.31,212.91,129,33.46
0802010023,08FRUV     ,480.94,210.01,99,43.67
0802020011,08FRUV     ,377.43,196.61,85,52.09
0302010054,03CARN     ,596.21,194.65,58,32.65
0805010197,08FRUV     ,511.33,193.05,208,37.75
0302010048,03CARN     ,574.94,190.09,68,33.06
0302010024,03CARN     ,500.91,183.53,67,36.64
0805010182,08FRUV     ,479.5,177.88,78,37.1
0802010013,08FRUV     ,702.4,177.34,166,25.25
0507010005,05CHAR     ,519.9,177.14,63,34.07
0805010245,08FRUV     ,418.88,174.7,94,41.71
0507010011,05CHAR     ,549.91,165.07,68,30.02
0503020013,05CHAR     ,431.56,164.8,15,38.19
0308050002,03CARN     ,269.85,161.58,46,59.88
0505030047,05CHAR     ,438.19,160.08,59,36.53
0504050009,05CHAR     ,443.32,155.29,47,35.03
0805020004,08FRUV     ,189.09,154.94,6,81.94
0509180028,05CHAR     ,266.82,154.9,38,58.05
0302010023,03CARN     ,432.51,153.97,59,35.6
0805010124,08FRUV     ,415.72,151.02,132,36.33
0803010055,08FRUV     ,352.68,147.55,187,41.84
0805010164,08FRUV     ,433.38,146.39,95,33.78
0502080074,05CHAR     ,401.66,142.98,44,35.6
0502080107,05CHAR     ,444.66,142.93,46,32.14
0805010189,08FRUV     ,393.03,142.67,158,36.3
0805010199,08FRUV     ,317.11,141.66,163,44.67
0509040009,05CHAR     ,340.7,139.0,46,40.8
0504030033,05CHAR     ,298.58,137.53,46,46.06
0306010012,03CARN     ,339.03,133.35,63,39.33
0502080076,05CHAR     ,332.94,126.47,42,37.99
0802010033,08FRUV     ,388.25,123.94,166,31.92
0805010196,08FRUV     ,328.84,123.23,128,37.47
0505010033,05CHAR     ,242.78,122.36,59,50.4
0301060016,03CARN     ,224.73,121.31,14,53.98
0803010056,08FRUV     ,371.4,114.66,216,30.87
0805010011,08FRUV     ,766.22,113.85,119,14.86
0502080043,05CHAR     ,273.38,113.08,36,41.36
0805010131,08FRUV     ,249.89,113.04,35,45.24
0502080039,05CHAR     ,322.0,111.04,40,34.48
0310020004,03CARN     ,254.22,110.61,29,43.51
0502080035,05CHAR     ,294.17,110.11,38,37.43
0505030011,05CHAR     ,205.86,109.98,31,53.42
0805010072,08FRUV     ,961.96,108.97,177,11.33
0803010008,08FRUV     ,213.79,108.49,61,50.75
0502080041,05CHAR     ,277.23,104.56,36,37.72
0502080042,05CHAR     ,314.38,102.53,38,32.61
0803010018,08FRUV     ,261.21,100.16,178,38.34
0505010004,05CHAR     ,1435.36,99.0,264,6.9
0509020002,05CHAR     ,201.13,98.39,36,48.92
0301060008,03CARN     ,122.95,97.95,7,79.67
0802040039,08FRUV     ,203.71,96.03,27,47.14
0805010063,08FRUV     ,200.3,94.38,66,47.12
0309040002,03CARN     ,113.19,89.91,14,79.43
0504030032,05CHAR     ,199.04,89.43,37,44.93
0802010028,08FRUV     ,231.47,83.14,17,35.92
0308050003,03CARN     ,129.03,80.38,21,62.3
0803010005,08FRUV     ,181.61,78.04,47,42.97
0802010031,08FRUV     ,222.88,77.65,69,34.84
0805010113,08FRUV     ,254.55,76.15,80,29.92
0508010001,05CHAR     ,54542.89,74.95,736,0.14
0805010038,08FRUV     ,332.06,74.59,34,22.46
0803010026,08FRUV     ,116.93,72.51,72,62.01
0302010025,03CARN     ,215.97,72.32,31,33.49
0805010013,08FRUV     ,513.8,69.22,132,13.47
0805010194,08FRUV     ,193.24,62.54,100,32.36
0805010195,08FRUV     ,179.43,59.18,95,32.98
0803010033,08FRUV     ,66.43,58.66,3,88.3
0802050004,08FRUV     ,201.83,58.48,44,28.97
0509100038,05CHAR     ,170.43,56.97,17,33.43
0508010002,05CHAR     ,35118.93,55.43,735,0.16
0509040010,05CHAR     ,149.4,55.43,22,37.1
0306010016,03CARN     ,137.21,52.65,32,38.37
0509040015,05CHAR     ,139.15,52.18,20,37.5
0309040012,03CARN     ,65.7,49.14,3,74.79
0509140009,05CHAR     ,92.87,47.7,6,51.36
0805010283,08FRUV     ,137.14,46.16,25,33.66
0805010282,08FRUV     ,118.74,45.8,22,38.57
0805010188,08FRUV     ,128.73,45.52,44,35.36
0505030046,05CHAR     ,75.66,45.44,13,60.06
0805010193,08FRUV     ,141.71,45.04,67,31.78
0509040013,05CHAR     ,111.09,44.77,16,40.3
0308040006,03CARN     ,91.1,43.89,2,48.18
0310020005,03CARN     ,51.26,43.34,8,84.55
0802010030,08FRUV     ,23242.75,40.61,734,0.17
0802010036,08FRUV     ,71.53,40.21,24,56.21
0803010004,08FRUV     ,85.87,38.44,35,44.77
0803010034,08FRUV     ,50.52,38.3,14,75.81
0503020053,05CHAR     ,87.71,35.58,2,40.57
0509040011,05CHAR     ,87.14,33.65,13,38.62
0306010014,03CARN     ,114.0,32.41,20,28.43
0509040012,05CHAR     ,73.56,30.2,11,41.05
0302010027,03CARN     ,42.66,28.47,6,66.74
0805010247,08FRUV     ,78.45,27.82,30,35.46
0301020008,03CARN     ,1835.35,27.56,231,1.5
0503020022,05CHAR     ,113.44,27.02,4,23.82
0805010181,08FRUV     ,66.82,26.55,19,39.73
0309030008,03CARN     ,4465.91,25.88,207,0.58
0802040045,08FRUV     ,44.82,25.54,12,56.98
0803010021,08FRUV     ,49.83,25.16,44,50.49
0509040016,05CHAR     ,58.36,23.8,9,40.78
0805010187,08FRUV     ,62.09,23.46,27,37.78
0805010192,08FRUV     ,57.88,19.69,12,34.02
0509100008,05CHAR     ,55.31,19.13,5,34.59
0509150027,05CHAR     ,37.88,17.16,6,45.3
0308050012,03CARN     ,29.49,16.43,2,55.71
0505020004,05CHAR     ,44.04,16.02,7,36.38
0509090007,05CHAR     ,34.02,15.22,4,44.74
0805010105,08FRUV     ,41.67,15.2,8,36.48
0803010061,08FRUV     ,21.4,14.21,1,66.4
0502050006,05CHAR     ,6812.26,13.11,446,0.19
0509070008,05CHAR     ,32.55,12.04,3,36.99
0509150028,05CHAR     ,30.81,12.02,5,39.01
0805020009,08FRUV     ,21.67,11.84,3,54.64
0502080108,05CHAR     ,33.68,11.71,5,34.77
0503030061,05CHAR     ,17.4,11.37,1,65.34
0306010015,03CARN     ,36.2,11.11,10,30.69
0310010004,03CARN     ,28.47,11.02,2,38.71
0310010005,03CARN     ,12.73,10.9,3,85.62
0803010030,08FRUV     ,10.19,10.19,7,100.0
0502080106,05CHAR     ,33.46,10.14,3,30.3
0802010034,08FRUV     ,12.15,10.07,1,82.88
0308020002,03CARN     ,21.67,9.98,5,46.05
0802020006,08FRUV     ,34.4,9.92,15,28.84
0509120008,05CHAR     ,20.55,9.32,2,45.35
0805010001,08FRUV     ,735.61,8.73,97,1.19
0502040041,05CHAR     ,20.3,8.19,3,40.34
0805020029,08FRUV     ,9.64,7.97,1,82.68
0805010108,08FRUV     ,25.82,7.51,7,29.09
0805020024,08FRUV     ,15.27,7.25,2,47.48
0310020012,03CARN     ,8.12,6.97,1,85.84
0805010255,08FRUV     ,7.43,6.7,1,90.17
0803010058,08FRUV     ,7.37,6.55,3,88.87
0805020036,08FRUV     ,9.52,6.36,1,66.81
0802040034,08FRUV     ,8.47,6.15,1,72.61
0308050001,03CARN     ,11.26,5.99,1,53.2
0802010038,08FRUV     ,6.77,5.77,1,85.23
0502030010,03CARN     ,14.41,5.47,3,37.96
0302010001,03CARN     ,8.16,5.16,1,63.24
0309030009,03CARN     ,2762.98,4.51,158,0.16
0505030033,05CHAR     ,12.96,4.34,1,33.49
0502040017,05CHAR     ,13.67,4.14,3,30.29
0806010014,08FRUV     ,10.03,4.11,4,40.98
0507010009,05CHAR     ,17.69,4.07,2,23.01
0509130031,05CHAR     ,9.07,3.87,2,42.67
0302010022,03CARN     ,5.52,3.77,1,68.3
0803010057,08FRUV     ,10.46,3.68,5,35.18
0302010040,03CARN     ,5.6,3.56,1,63.57
0309020001,03CARN     ,11.87,3.47,1,29.23
0509130024,05CHAR     ,11.2,2.97,1,26.52
0505030039,05CHAR     ,10.03,2.83,1,28.22
0805020005,08FRUV     ,7.61,2.81,2,36.93
0805010241,08FRUV     ,8.71,2.77,1,31.8
0306010011,03CARN     ,7.64,2.75,2,35.99
0805010103,08FRUV     ,4.26,2.41,1,56.57
0310020013,03CARN     ,5.64,2.4,1,42.55
0504050007,05CHAR     ,9.99,1.99,1,19.92
0502040021,05CHAR     ,4.87,1.94,1,39.84
0805010004,08FRUV     ,797.78,1.86,163,0.23
0802030002,08FRUV     ,2.18,1.86,2,85.32
0803010006,08FRUV     ,1.59,1.59,23,100.0
0805010244,08FRUV     ,3.49,1.49,1,42.69
0802010041,08FRUV     ,3.19,1.12,1,35.11
0802010016,08FRUV     ,166.48,0.42,14,0.25
0802010021,08FRUV     ,359.05,0.36,36,0.1
0502050007,05CHAR     ,85.53,0.08,18,0.09
0802010004,08FRUV     ,44.28,0.04,4,0.09
0802010011,08FRUV     ,10.95,0.03,3,0.27
